
<entities xmlns:xsd="http://www.w3.org/2001/XMLSchema" xmlns:xsi="http://www.w3.org/2001/XMLSchema-instance" timestamp="2020-02-06T17:09:42.5540289Z">
  <entity name="pricelevel" displayname="Price List">
    <records>
      <record id="98af6803-8246-ea11-a812-000d3a249077">
        <field name="transactioncurrencyid" value="67d752be-d844-ea11-a815-000d3a253a0e" lookupentity="transactioncurrency" lookupentityname="euro" />
        <field name="name" value="Automated Testing PL" />
        <field name="paymentmethodcode" value="1" />
        <field name="pricelevelid" value="98af6803-8246-ea11-a812-000d3a249077" />
        <field name="shippingmethodcode" value="1" />
      </record>
    </records>
    <m2mrelationships />
  </entity>
</entities>