
<entities xmlns:xsi="http://www.w3.org/2001/XMLSchema-instance" xmlns:xsd="http://www.w3.org/2001/XMLSchema" timestamp="01/05/2019 14:02:52">
  <entity name="pricelevel" displayname="Price List">
    <records>
      <record id="011b652a-086c-e911-a831-000d3a289148">
        <field name="paymentmethodcode" value="1" />
        <field name="name" value="Automated Testing PL" />
        <field name="pricelevelid" value="011b652a-086c-e911-a831-000d3a289148" />
        <field name="shippingmethodcode" value="1" />
        <field name="transactioncurrencyid" value="1c1578a7-4c42-e911-a9ad-000d3a2cb9b6" lookupentity="transactioncurrency" lookupentityname="euro" />
        <field name="freighttermscode" value="1" />
      </record>
    </records>
    <m2mrelationships />
  </entity>
</entities>