﻿<?xml version="1.0" encoding="utf-8"?>
<ImportExportXml version="9.1.0.12625" SolutionPackageVersion="9.1" languagecode="1033" generatedBy="CrmLive" xmlns:xsi="http://www.w3.org/2001/XMLSchema-instance">
  <SolutionManifest>
    <UniqueName>SpecFlowDemo</UniqueName>
    <LocalizedNames>
      <LocalizedName description="SpecFlowDemo" languagecode="1033" />
    </LocalizedNames>
    <Descriptions>
      <Description description="* App to display the entities included in specflow &#xA;&#xA;Account:&#xA;* Set field 'Ownership' on account form invisible" languagecode="1033" />
    </Descriptions>
    <Version>1.0.0.148</Version>
    <Managed>1</Managed>
    <Publisher>
      <UniqueName>martijnvermaat</UniqueName>
      <LocalizedNames>
        <LocalizedName description="Martijn Vermaat" languagecode="1033" />
      </LocalizedNames>
      <Descriptions />
      <EMailAddress xsi:nil="true"></EMailAddress>
      <SupportingWebsiteUrl xsi:nil="true"></SupportingWebsiteUrl>
      <CustomizationPrefix>mv</CustomizationPrefix>
      <CustomizationOptionValuePrefix>77239</CustomizationOptionValuePrefix>
      <Addresses>
        <Address>
          <AddressNumber>1</AddressNumber>
          <AddressTypeCode>1</AddressTypeCode>
          <City xsi:nil="true"></City>
          <County xsi:nil="true"></County>
          <Country xsi:nil="true"></Country>
          <Fax xsi:nil="true"></Fax>
          <FreightTermsCode xsi:nil="true"></FreightTermsCode>
          <ImportSequenceNumber xsi:nil="true"></ImportSequenceNumber>
          <Latitude xsi:nil="true"></Latitude>
          <Line1 xsi:nil="true"></Line1>
          <Line2 xsi:nil="true"></Line2>
          <Line3 xsi:nil="true"></Line3>
          <Longitude xsi:nil="true"></Longitude>
          <Name xsi:nil="true"></Name>
          <PostalCode xsi:nil="true"></PostalCode>
          <PostOfficeBox xsi:nil="true"></PostOfficeBox>
          <PrimaryContactName xsi:nil="true"></PrimaryContactName>
          <ShippingMethodCode>1</ShippingMethodCode>
          <StateOrProvince xsi:nil="true"></StateOrProvince>
          <Telephone1 xsi:nil="true"></Telephone1>
          <Telephone2 xsi:nil="true"></Telephone2>
          <Telephone3 xsi:nil="true"></Telephone3>
          <TimeZoneRuleVersionNumber xsi:nil="true"></TimeZoneRuleVersionNumber>
          <UPSZone xsi:nil="true"></UPSZone>
          <UTCOffset xsi:nil="true"></UTCOffset>
          <UTCConversionTimeZoneCode xsi:nil="true"></UTCConversionTimeZoneCode>
        </Address>
        <Address>
          <AddressNumber>2</AddressNumber>
          <AddressTypeCode>1</AddressTypeCode>
          <City xsi:nil="true"></City>
          <County xsi:nil="true"></County>
          <Country xsi:nil="true"></Country>
          <Fax xsi:nil="true"></Fax>
          <FreightTermsCode xsi:nil="true"></FreightTermsCode>
          <ImportSequenceNumber xsi:nil="true"></ImportSequenceNumber>
          <Latitude xsi:nil="true"></Latitude>
          <Line1 xsi:nil="true"></Line1>
          <Line2 xsi:nil="true"></Line2>
          <Line3 xsi:nil="true"></Line3>
          <Longitude xsi:nil="true"></Longitude>
          <Name xsi:nil="true"></Name>
          <PostalCode xsi:nil="true"></PostalCode>
          <PostOfficeBox xsi:nil="true"></PostOfficeBox>
          <PrimaryContactName xsi:nil="true"></PrimaryContactName>
          <ShippingMethodCode>1</ShippingMethodCode>
          <StateOrProvince xsi:nil="true"></StateOrProvince>
          <Telephone1 xsi:nil="true"></Telephone1>
          <Telephone2 xsi:nil="true"></Telephone2>
          <Telephone3 xsi:nil="true"></Telephone3>
          <TimeZoneRuleVersionNumber xsi:nil="true"></TimeZoneRuleVersionNumber>
          <UPSZone xsi:nil="true"></UPSZone>
          <UTCOffset xsi:nil="true"></UTCOffset>
          <UTCConversionTimeZoneCode xsi:nil="true"></UTCConversionTimeZoneCode>
        </Address>
      </Addresses>
    </Publisher>
    <RootComponents>
      <RootComponent type="1" schemaName="account" behavior="1" />
      <RootComponent type="1" schemaName="contact" behavior="1" />
      <RootComponent type="1" schemaName="mv_autogenerated" behavior="0" />
      <RootComponent type="1" schemaName="mv_datetester" behavior="0" />
      <RootComponent type="1" schemaName="opportunity" behavior="2" />
      <RootComponent type="29" id="{4b0d104f-7f76-4277-b0b2-1967d0236016}" behavior="0" />
      <RootComponent type="29" id="{bcfff598-9531-4922-9355-ee87c9f37070}" behavior="0" />
      <RootComponent type="29" id="{fd14f3d4-b715-416f-aeb1-521f49737ab3}" behavior="0" />
      <RootComponent type="60" id="{10345a21-8ed5-4f7f-98d7-32f8ffe4bd9d}" behavior="0" />
      <RootComponent type="60" id="{8448b78f-8f42-454e-8e2a-f8196b0419af}" behavior="0" />
      <RootComponent type="61" schemaName="mv_account.js" behavior="0" />
      <RootComponent type="62" schemaName="mv_SpecFlowDemo" behavior="0" />
      <RootComponent type="80" schemaName="mv_SpecFlowDemo" behavior="0" />
    </RootComponents>
    <MissingDependencies>
      <MissingDependency>
        <Required key="0" type="1" schemaName="opportunity" displayName="Opportunity" solution="msdynce_Sales (9.0.4.0076)" />
        <Dependent key="1" type="80" schemaName="mv_SpecFlowDemo" displayName="SpecFlow Demo" />
      </MissingDependency>
      <MissingDependency>
        <Required key="0" type="1" schemaName="opportunity" displayName="Opportunity" solution="msdynce_Sales (9.0.4.0076)" />
        <Dependent key="2" type="60" displayName="Account" parentDisplayName="Account" id="{8448b78f-8f42-454e-8e2a-f8196b0419af}" />
      </MissingDependency>
      <MissingDependency>
        <Required key="0" type="1" schemaName="opportunity" displayName="Opportunity" solution="msdynce_Sales (9.0.4.0076)" />
        <Dependent key="0" type="1" schemaName="opportunity" displayName="Opportunity" />
      </MissingDependency>
      <MissingDependency>
        <Required key="3" type="1" schemaName="lead" displayName="Lead" solution="msdynce_LeadManagement (9.0.4.0066)" />
        <Dependent key="1" type="80" schemaName="mv_SpecFlowDemo" displayName="SpecFlow Demo" />
      </MissingDependency>
      <MissingDependency>
        <Required key="4" type="1" schemaName="quote" displayName="Quote" solution="msdynce_Sales (9.0.4.0076)" />
        <Dependent key="1" type="80" schemaName="mv_SpecFlowDemo" displayName="SpecFlow Demo" />
      </MissingDependency>
      <MissingDependency>
        <Required key="5" type="1" schemaName="campaign" displayName="Campaign" solution="msdynce_Marketing (9.0.4.37)" />
        <Dependent key="1" type="80" schemaName="mv_SpecFlowDemo" displayName="SpecFlow Demo" />
      </MissingDependency>
      <MissingDependency>
        <Required key="6" type="1" schemaName="competitor" displayName="Competitor" solution="msdynce_Sales (9.0.4.0076)" />
        <Dependent key="1" type="80" schemaName="mv_SpecFlowDemo" displayName="SpecFlow Demo" />
      </MissingDependency>
      <MissingDependency>
        <Required key="7" type="1" schemaName="opportunityproduct" displayName="Opportunity Product" solution="msdynce_Sales (9.0.4.0076)" />
        <Dependent key="1" type="80" schemaName="mv_SpecFlowDemo" displayName="SpecFlow Demo" />
      </MissingDependency>
      <MissingDependency>
        <Required key="8" type="1" schemaName="entitlement" displayName="Entitlement" solution="msdynce_Service (9.0.5.56)" />
        <Dependent key="1" type="80" schemaName="mv_SpecFlowDemo" displayName="SpecFlow Demo" />
      </MissingDependency>
      <MissingDependency>
        <Required key="9" type="1" schemaName="incident" displayName="Case" solution="msdynce_Service (9.0.5.56)" />
        <Dependent key="1" type="80" schemaName="mv_SpecFlowDemo" displayName="SpecFlow Demo" />
      </MissingDependency>
      <MissingDependency>
        <Required key="9" type="1" schemaName="incident" displayName="Case" solution="msdynce_Service (9.0.5.56)" />
        <Dependent key="2" type="60" displayName="Account" parentDisplayName="Account" id="{8448b78f-8f42-454e-8e2a-f8196b0419af}" />
      </MissingDependency>
      <MissingDependency>
        <Required key="8" type="1" schemaName="entitlement" displayName="Entitlement" solution="msdynce_Service (9.0.5.56)" />
        <Dependent key="2" type="60" displayName="Account" parentDisplayName="Account" id="{8448b78f-8f42-454e-8e2a-f8196b0419af}" />
      </MissingDependency>
      <MissingDependency>
        <Required key="10" type="2" schemaName="originatingleadid" displayName="Originating Lead" parentSchemaName="account" parentDisplayName="Account" solution="msdynce_LeadManagement (9.0.4.0066)" />
        <Dependent key="2" type="60" displayName="Account" parentDisplayName="Account" id="{8448b78f-8f42-454e-8e2a-f8196b0419af}" />
      </MissingDependency>
      <MissingDependency>
        <Required key="11" type="26" schemaName="Closed Leads" displayName="Closed Leads" parentSchemaName="lead" parentDisplayName="Lead" solution="msdynce_LeadManagement (9.0.4.0066)" id="{00000000-0000-0000-00aa-000010001009}" />
        <Dependent key="1" type="80" schemaName="mv_SpecFlowDemo" displayName="SpecFlow Demo" />
      </MissingDependency>
      <MissingDependency>
        <Required key="12" type="26" schemaName="All Cases for Customer" displayName="All Cases for Customer" parentSchemaName="incident" parentDisplayName="Case" solution="msdynce_Service (9.0.5.56)" id="{00000000-0000-0000-00aa-000010001039}" />
        <Dependent key="2" type="60" displayName="Account" parentDisplayName="Account" id="{8448b78f-8f42-454e-8e2a-f8196b0419af}" />
      </MissingDependency>
      <MissingDependency>
        <Required key="13" type="26" schemaName="Recent Opportunities" displayName="Recent Opportunities" parentSchemaName="opportunity" parentDisplayName="Opportunity" solution="msdynce_Sales (9.0.4.0076)" id="{9c3f7ee8-eca7-e211-9fb6-00155dd0ea05}" />
        <Dependent key="2" type="60" displayName="Account" parentDisplayName="Account" id="{8448b78f-8f42-454e-8e2a-f8196b0419af}" />
      </MissingDependency>
      <MissingDependency>
        <Required key="14" type="26" schemaName="My Open Opportunities" displayName="My Open Opportunities" parentSchemaName="opportunity" parentDisplayName="Opportunity" solution="msdynce_Sales (9.0.4.0076)" id="{00000000-0000-0000-00aa-000010003000}" />
        <Dependent key="2" type="60" displayName="Account" parentDisplayName="Account" id="{8448b78f-8f42-454e-8e2a-f8196b0419af}" />
      </MissingDependency>
      <MissingDependency>
        <Required key="15" type="26" schemaName="Account Entitlements" displayName="Account Entitlements" parentSchemaName="entitlement" parentDisplayName="Entitlement" solution="msdynce_Service (9.0.5.56)" id="{961bf8aa-042f-4f4d-bcca-935bfc9a6994}" />
        <Dependent key="2" type="60" displayName="Account" parentDisplayName="Account" id="{8448b78f-8f42-454e-8e2a-f8196b0419af}" />
      </MissingDependency>
      <MissingDependency>
        <Required key="14" type="26" schemaName="My Open Opportunities" displayName="My Open Opportunities" parentSchemaName="opportunity" parentDisplayName="Opportunity" solution="msdynce_Sales (9.0.4.0076)" id="{00000000-0000-0000-00aa-000010003000}" />
        <Dependent key="1" type="80" schemaName="mv_SpecFlowDemo" displayName="SpecFlow Demo" />
      </MissingDependency>
      <MissingDependency>
        <Required key="16" type="26" schemaName="All Competitors (summary)" displayName="All Competitors (summary)" parentSchemaName="competitor" parentDisplayName="Competitor" solution="msdynce_Sales (9.0.4.0076)" id="{57bca9ac-87a0-4c28-adc8-2d0a4645f29e}" />
        <Dependent key="1" type="80" schemaName="mv_SpecFlowDemo" displayName="SpecFlow Demo" />
      </MissingDependency>
      <MissingDependency>
        <Required key="17" type="26" schemaName="Opportunity Product Inline Edit View" displayName="Opportunity Product Inline Edit View" parentSchemaName="opportunityproduct" parentDisplayName="Opportunity Product" solution="msdynce_Sales (9.0.4.0076)" id="{01010de7-749e-4fe6-8037-aca560a4fcbe}" />
        <Dependent key="1" type="80" schemaName="mv_SpecFlowDemo" displayName="SpecFlow Demo" />
      </MissingDependency>
      <MissingDependency>
        <Required key="18" type="26" schemaName="Campaign Lookup View" displayName="Campaign Lookup View" parentSchemaName="campaign" parentDisplayName="Campaign" solution="msdynce_Marketing (9.0.4.37)" id="{0e76dc73-2052-484e-8c00-a760f8d522ec}" />
        <Dependent key="1" type="80" schemaName="mv_SpecFlowDemo" displayName="SpecFlow Demo" />
      </MissingDependency>
      <MissingDependency>
        <Required key="19" type="26" schemaName="Opportunity Quotes" displayName="Opportunity Quotes" parentSchemaName="quote" parentDisplayName="Quote" solution="msdynce_Sales (9.0.4.0076)" id="{61a4c932-d775-e211-b420-00155d806600}" />
        <Dependent key="1" type="80" schemaName="mv_SpecFlowDemo" displayName="SpecFlow Demo" />
      </MissingDependency>
      <MissingDependency>
        <Required key="20" type="26" schemaName="Open Leads" displayName="Open Leads" parentSchemaName="lead" parentDisplayName="Lead" solution="msdynce_LeadManagement (9.0.4.0066)" id="{00000000-0000-0000-00aa-000010001006}" />
        <Dependent key="1" type="80" schemaName="mv_SpecFlowDemo" displayName="SpecFlow Demo" />
      </MissingDependency>
      <MissingDependency>
        <Required key="21" type="26" schemaName="My Closed Opportunities in Current Fiscal Year" displayName="My Closed Opportunities in Current Fiscal Year" parentSchemaName="opportunity" parentDisplayName="Opportunity" solution="msdynce_Sales (9.0.4.0076)" id="{31dae384-a86f-df11-986c-00155d2e3002}" />
        <Dependent key="1" type="80" schemaName="mv_SpecFlowDemo" displayName="SpecFlow Demo" />
      </MissingDependency>
      <MissingDependency>
        <Required key="22" type="26" schemaName="Lead Advanced Find View" displayName="Lead Advanced Find View" parentSchemaName="lead" parentDisplayName="Lead" solution="msdynce_LeadManagement (9.0.4.0066)" id="{00000000-0000-0000-00aa-000000666700}" />
        <Dependent key="1" type="80" schemaName="mv_SpecFlowDemo" displayName="SpecFlow Demo" />
      </MissingDependency>
      <MissingDependency>
        <Required key="23" type="26" schemaName="Opportunity Lookup View" displayName="Opportunity Lookup View" parentSchemaName="opportunity" parentDisplayName="Opportunity" solution="msdynce_Sales (9.0.4.0076)" id="{9eb361b4-67ac-4830-8abf-2d29efbaee2c}" />
        <Dependent key="1" type="80" schemaName="mv_SpecFlowDemo" displayName="SpecFlow Demo" />
      </MissingDependency>
      <MissingDependency>
        <Required key="24" type="26" schemaName="Lead Associated View" displayName="Lead Associated View" parentSchemaName="lead" parentDisplayName="Lead" solution="msdynce_LeadManagement (9.0.4.0066)" id="{f7ba26ee-3f8e-4cf2-8e02-0b4bbcd16da8}" />
        <Dependent key="1" type="80" schemaName="mv_SpecFlowDemo" displayName="SpecFlow Demo" />
      </MissingDependency>
      <MissingDependency>
        <Required key="25" type="26" schemaName="Lead Lookup View" displayName="Lead Lookup View" parentSchemaName="lead" parentDisplayName="Lead" solution="msdynce_LeadManagement (9.0.4.0066)" id="{ecbac1a3-f8d8-4423-8f7e-10b11119739a}" />
        <Dependent key="1" type="80" schemaName="mv_SpecFlowDemo" displayName="SpecFlow Demo" />
      </MissingDependency>
      <MissingDependency>
        <Required key="26" type="26" schemaName="Open Opportunities" displayName="Open Opportunities" parentSchemaName="opportunity" parentDisplayName="Opportunity" solution="msdynce_Sales (9.0.4.0076)" id="{00000000-0000-0000-00aa-000010003001}" />
        <Dependent key="1" type="80" schemaName="mv_SpecFlowDemo" displayName="SpecFlow Demo" />
      </MissingDependency>
      <MissingDependency>
        <Required key="27" type="26" schemaName="All Leads" displayName="All Leads" parentSchemaName="lead" parentDisplayName="Lead" solution="msdynce_LeadManagement (9.0.4.0066)" id="{5a926b99-3a5f-df11-ae90-00155d2e3002}" />
        <Dependent key="1" type="80" schemaName="mv_SpecFlowDemo" displayName="SpecFlow Demo" />
      </MissingDependency>
      <MissingDependency>
        <Required key="28" type="26" schemaName="My Open Leads" displayName="My Open Leads" parentSchemaName="lead" parentDisplayName="Lead" solution="msdynce_LeadManagement (9.0.4.0066)" id="{00000000-0000-0000-00aa-000010001005}" />
        <Dependent key="1" type="80" schemaName="mv_SpecFlowDemo" displayName="SpecFlow Demo" />
      </MissingDependency>
      <MissingDependency>
        <Required key="13" type="26" schemaName="Recent Opportunities" displayName="Recent Opportunities" parentSchemaName="opportunity" parentDisplayName="Opportunity" solution="msdynce_Sales (9.0.4.0076)" id="{9c3f7ee8-eca7-e211-9fb6-00155dd0ea05}" />
        <Dependent key="1" type="80" schemaName="mv_SpecFlowDemo" displayName="SpecFlow Demo" />
      </MissingDependency>
      <MissingDependency>
        <Required key="29" type="26" schemaName="Recent Cases" displayName="Recent Cases" parentSchemaName="incident" parentDisplayName="Case" solution="msdynce_Service (9.0.5.56)" id="{ebd1d24a-eea7-e211-9fb6-00155dd0ea05}" />
        <Dependent key="1" type="80" schemaName="mv_SpecFlowDemo" displayName="SpecFlow Demo" />
      </MissingDependency>
      <MissingDependency>
        <Required key="30" type="26" schemaName="My Active Cases" displayName="My Active Cases" parentSchemaName="incident" parentDisplayName="Case" solution="msdynce_Service (9.0.5.56)" id="{00000000-0000-0000-00aa-000010001028}" />
        <Dependent key="1" type="80" schemaName="mv_SpecFlowDemo" displayName="SpecFlow Demo" />
      </MissingDependency>
      <MissingDependency>
        <Required key="31" type="26" schemaName="Opportunity Associated View" displayName="Opportunity Associated View" parentSchemaName="opportunity" parentDisplayName="Opportunity" solution="msdynce_Sales (9.0.4.0076)" id="{00000000-0000-0000-00aa-000010001203}" />
        <Dependent key="1" type="80" schemaName="mv_SpecFlowDemo" displayName="SpecFlow Demo" />
      </MissingDependency>
      <MissingDependency>
        <Required key="32" type="26" schemaName="All Accounts" displayName="All Accounts" parentSchemaName="account" parentDisplayName="Account" solution="msdynce_AppCommon (9.0.4.0066)" id="{65ffaf9a-e8c5-432d-860b-32f841b00d87}" />
        <Dependent key="1" type="80" schemaName="mv_SpecFlowDemo" displayName="SpecFlow Demo" />
      </MissingDependency>
      <MissingDependency>
        <Required key="33" type="26" schemaName="All Contacts" displayName="All Contacts" parentSchemaName="contact" parentDisplayName="Contact" solution="msdynce_AppCommon (9.0.4.0066)" id="{0d5d377b-5e7c-47b5-bab1-a5cb8b4ac105}" />
        <Dependent key="1" type="80" schemaName="mv_SpecFlowDemo" displayName="SpecFlow Demo" />
      </MissingDependency>
      <MissingDependency>
        <Required key="34" type="26" schemaName="Closed Opportunities" displayName="Closed Opportunities" parentSchemaName="opportunity" parentDisplayName="Opportunity" solution="msdynce_Sales (9.0.4.0076)" id="{00000000-0000-0000-00aa-000010003006}" />
        <Dependent key="1" type="80" schemaName="mv_SpecFlowDemo" displayName="SpecFlow Demo" />
      </MissingDependency>
      <MissingDependency>
        <Required key="35" type="26" schemaName="Opportunity Advanced Find View" displayName="Opportunity Advanced Find View" parentSchemaName="opportunity" parentDisplayName="Opportunity" solution="msdynce_Sales (9.0.4.0076)" id="{00000000-0000-0000-00aa-000000666800}" />
        <Dependent key="1" type="80" schemaName="mv_SpecFlowDemo" displayName="SpecFlow Demo" />
      </MissingDependency>
      <MissingDependency>
        <Required key="36" type="26" schemaName="All Entitlements" displayName="All Entitlements" parentSchemaName="entitlement" parentDisplayName="Entitlement" solution="msdynce_Service (9.0.5.56)" id="{aa69e7e2-913a-4a5a-8609-8ca443554909}" />
        <Dependent key="1" type="80" schemaName="mv_SpecFlowDemo" displayName="SpecFlow Demo" />
      </MissingDependency>
      <MissingDependency>
        <Required key="37" type="26" schemaName="Opportunity Product Inline Edit View: Bundle Products" displayName="Opportunity Product Inline Edit View: Bundle Products" parentSchemaName="opportunityproduct" parentDisplayName="Opportunity Product" solution="msdynce_SalesPatch (9.0.1904.3002)" id="{e175dfbf-8eae-4af2-9dd2-68c43c14d40f}" />
        <Dependent key="1" type="80" schemaName="mv_SpecFlowDemo" displayName="SpecFlow Demo" />
      </MissingDependency>
      <MissingDependency>
        <Required key="38" type="26" schemaName="All Opportunities" displayName="All Opportunities" parentSchemaName="opportunity" parentDisplayName="Opportunity" solution="msdynce_Sales (9.0.4.0076)" id="{c6f6fc1b-1b3e-e711-80e1-00155d871bb4}" />
        <Dependent key="1" type="80" schemaName="mv_SpecFlowDemo" displayName="SpecFlow Demo" />
      </MissingDependency>
      <MissingDependency>
        <Required key="15" type="26" schemaName="Account Entitlements" displayName="Account Entitlements" parentSchemaName="entitlement" parentDisplayName="Entitlement" solution="msdynce_Service (9.0.5.56)" id="{961bf8aa-042f-4f4d-bcca-935bfc9a6994}" />
        <Dependent key="1" type="80" schemaName="mv_SpecFlowDemo" displayName="SpecFlow Demo" />
      </MissingDependency>
      <MissingDependency>
        <Required key="39" type="59" schemaName="Entitlements Expiration" displayName="Entitlements Expiration" parentSchemaName="entitlement" parentDisplayName="Entitlement" solution="msdynce_Service (9.0.5.56)" id="{fdb919bb-c6fc-4fc8-8fa5-67ace68e41d1}" />
        <Dependent key="1" type="80" schemaName="mv_SpecFlowDemo" displayName="SpecFlow Demo" />
      </MissingDependency>
      <MissingDependency>
        <Required key="40" type="59" schemaName="Top Customers" displayName="Top Customers" parentSchemaName="opportunity" parentDisplayName="Opportunity" solution="msdynce_Sales (9.0.4.0076)" id="{8bc5fb18-48f2-4782-9e16-3d452fa4ddce}" />
        <Dependent key="1" type="80" schemaName="mv_SpecFlowDemo" displayName="SpecFlow Demo" />
      </MissingDependency>
      <MissingDependency>
        <Required key="41" type="59" schemaName="Case Mix (By Business Unit)" displayName="Case Mix (By Business Unit)" parentSchemaName="incident" parentDisplayName="Case" solution="msdynce_Service (9.0.5.56)" id="{f10375a6-4893-de11-97d4-00155da3b01e}" />
        <Dependent key="1" type="80" schemaName="mv_SpecFlowDemo" displayName="SpecFlow Demo" />
      </MissingDependency>
      <MissingDependency>
        <Required key="42" type="59" schemaName="Sales Pipeline" displayName="Sales Pipeline" parentSchemaName="opportunity" parentDisplayName="Opportunity" solution="msdynce_Sales (9.0.4.0076)" id="{87293554-2482-de11-9ff3-00155da3b012}" />
        <Dependent key="1" type="80" schemaName="mv_SpecFlowDemo" displayName="SpecFlow Demo" />
      </MissingDependency>
      <MissingDependency>
        <Required key="40" type="59" schemaName="Top Customers" displayName="Top Customers" parentSchemaName="opportunity" parentDisplayName="Opportunity" solution="msdynce_Sales (9.0.4.0076)" id="{8bc5fb18-48f2-4782-9e16-3d452fa4ddce}" />
        <Dependent key="2" type="60" displayName="Account" parentDisplayName="Account" id="{8448b78f-8f42-454e-8e2a-f8196b0419af}" />
      </MissingDependency>
      <MissingDependency>
        <Required key="43" type="60" displayName="Lead" parentDisplayName="Lead" solution="msdynce_LeadManagement (9.0.4.0066)" id="{e3b6ddb7-8df0-4410-ac7b-fd32e5053d38}" />
        <Dependent key="1" type="80" schemaName="mv_SpecFlowDemo" displayName="SpecFlow Demo" />
      </MissingDependency>
      <MissingDependency>
        <Required key="44" type="60" displayName="account contact card" parentDisplayName="Contact" solution="msdynce_AppCommon (9.0.4.0066)" id="{29de27bc-a257-4f29-99cf-bab4a84e688f}" />
        <Dependent key="2" type="60" displayName="Account" parentDisplayName="Account" id="{8448b78f-8f42-454e-8e2a-f8196b0419af}" />
      </MissingDependency>
      <MissingDependency>
        <Required key="45" type="60" displayName="Contact" parentDisplayName="Contact" solution="msdynce_AppCommon (9.0.4.0066)" id="{1fed44d1-ae68-4a41-bd2b-f13acac4acfa}" />
        <Dependent key="1" type="80" schemaName="mv_SpecFlowDemo" displayName="SpecFlow Demo" />
      </MissingDependency>
      <MissingDependency>
        <Required key="46" type="60" displayName="Opportunity" parentDisplayName="Opportunity" solution="msdynce_Sales (9.0.4.0076)" id="{a837e4a7-01b8-4f82-a475-be9abd67e667}" />
        <Dependent key="1" type="80" schemaName="mv_SpecFlowDemo" displayName="SpecFlow Demo" />
      </MissingDependency>
      <MissingDependency>
        <Required key="2" type="60" displayName="Account" parentDisplayName="Account" solution="msdynce_AppCommon (9.0.4.0066)" id="{8448b78f-8f42-454e-8e2a-f8196b0419af}" />
        <Dependent key="2" type="60" displayName="Account" parentDisplayName="Account" id="{8448b78f-8f42-454e-8e2a-f8196b0419af}" />
      </MissingDependency>
      <MissingDependency>
        <Required key="44" type="60" displayName="account contact card" parentDisplayName="Contact" solution="msdynce_AppCommon (9.0.4.0066)" id="{29de27bc-a257-4f29-99cf-bab4a84e688f}" />
        <Dependent key="1" type="80" schemaName="mv_SpecFlowDemo" displayName="SpecFlow Demo" />
      </MissingDependency>
      <MissingDependency>
        <Required key="47" type="60" displayName="Sales Dashboard" solution="msdynce_Sales (9.0.4.0076)" id="{d1f511a8-1ead-e211-bb72-00155da9a201}" />
        <Dependent key="1" type="80" schemaName="mv_SpecFlowDemo" displayName="SpecFlow Demo" />
      </MissingDependency>
      <MissingDependency>
        <Required key="48" type="66" schemaName="MscrmControls.CardFeedContainer.CardFeedContainer" displayName="MscrmControls.CardFeedContainer.CardFeedContainer" solution="BaseCustomControlsCore (9.0.2001.1001)" />
        <Dependent key="2" type="60" displayName="Account" parentDisplayName="Account" id="{8448b78f-8f42-454e-8e2a-f8196b0419af}" />
      </MissingDependency>
      <MissingDependency>
        <Required key="49" type="61" schemaName="msdyn_/Images/AppModule_Default_Icon.png" displayName="msdyn_/Images/AppModule_Default_Icon.png" solution="AppModuleWebResources (2.5)" />
        <Dependent key="1" type="80" schemaName="mv_SpecFlowDemo" displayName="SpecFlow Demo" />
      </MissingDependency>
    </MissingDependencies>
  </SolutionManifest>
</ImportExportXml>